{"stats":{"minecraft:killed":{"minecraft:zombie":1,"minecraft:chicken":4,"minecraft:cow":4},"minecraft:picked_up":{"minecraft:stick":26,"minecraft:crafting_table":3,"minecraft:raw_iron":2,"minecraft:cooked_beef":1,"minecraft:feather":4,"minecraft:chicken":4,"minecraft:leather":1,"minecraft:wooden_pickaxe":2,"minecraft:oak_log":66,"tombstone:grave_dust":1,"minecraft:dirt":1,"minecraft:apple":2,"delightful:acorn":10,"minecraft:beef":11,"minecraft:oak_sapling":52,"delightful:green_tea_leaf":3,"minecraft:coal":12,"minecraft:furnace":2,"minecraft:cobblestone":28,"minecraft:egg":1},"minecraft:mined":{"minecraft:furnace":2,"minecraft:iron_ore":2,"treechop:chopped_log":3,"minecraft:crafting_table":2,"minecraft:grass":3,"minecraft:grass_block":1,"minecraft:oak_log":4,"minecraft:coal_ore":9,"minecraft:tall_grass":1,"minecraft:stone":28},"minecraft:crafted":{"minecraft:cooked_beef":10,"minecraft:oak_planks":152,"minecraft:shield":2,"minecraft:crafting_table":2,"minecraft:stick":16,"minecraft:cooked_chicken":3,"minecraft:iron_ingot":2,"minecraft:wooden_pickaxe":1,"minecraft:stone_pickaxe":1,"minecraft:stone_sword":1,"minecraft:furnace":2,"minecraft:stone_axe":1,"minecraft:air":0},"minecraft:custom":{"minecraft:time_since_rest":16746,"minecraft:interact_with_furnace":18,"minecraft:sprint_one_cm":41545,"minecraft:damage_taken":150,"minecraft:walk_one_cm":23232,"minecraft:damage_blocked_by_shield":45,"minecraft:mob_kills":9,"minecraft:drop":15,"minecraft:damage_dealt":885,"minecraft:interact_with_crafting_table":6,"minecraft:fly_one_cm":58045,"minecraft:crouch_one_cm":1230,"minecraft:play_time":16746,"tombstone:undead_killed":1,"minecraft:sneak_time":748,"minecraft:walk_under_water_one_cm":158,"minecraft:jump":308,"minecraft:time_since_death":16746,"minecraft:walk_on_water_one_cm":732,"minecraft:total_world_time":16746,"minecraft:fall_one_cm":13976},"minecraft:dropped":{"minecraft:shield":1,"minecraft:crafting_table":1,"minecraft:oak_sapling":52,"minecraft:feather":4,"tombstone:grave_dust":1,"delightful:acorn":6,"delightful:green_tea_leaf":3,"minecraft:wooden_pickaxe":3},"minecraft:used":{"minecraft:apple":1,"minecraft:stone_sword":20,"minecraft:chicken":1,"minecraft:stone_pickaxe":31,"minecraft:shield":1,"minecraft:wooden_pickaxe":11,"minecraft:cooked_chicken":1,"minecraft:stone_axe":30,"minecraft:dirt":1,"minecraft:crafting_table":3,"minecraft:furnace":2,"minecraft:egg":1,"minecraft:cooked_beef":1,"delightful:acorn":4}},"DataVersion":3465}