{"stats":{"minecraft:killed":{"minecraft:cave_spider":3,"minecraft:witch":2,"minecraft:spider":2,"minecraft:skeleton":5,"minecraft:chicken":4,"goblintraders:goblin_trader":1,"mowziesmobs:grottol":1,"minecraft:zombie":11,"minecraft:cow":4},"minecraft:picked_up":{"minecraft:crafting_table":6,"minecraft:chicken":4,"minecraft:creeper_head":1,"minecraft:wooden_pickaxe":2,"minecraft:enchanted_book":6,"minecraft:infested_cobblestone":42,"minecraft:potion":1,"minecraft:string":1,"minecraft:raw_copper":9,"dungeonnowloading:spawner_fragment":4,"minecraft:cobbled_deepslate":3,"delightful:acorn":10,"minecraft:beef":11,"minecraft:iron_nugget":19,"delightful:green_tea_leaf":3,"minecraft:furnace":4,"minecraft:egg":1,"tombstone:scroll_of_lightning_resistance":1,"minecraft:stick":30,"minecraft:raw_iron":61,"minecraft:torch":8,"tombstone:grave_dust":2,"minecraft:redstone":2,"tombstone:scroll_of_purification":1,"minecraft:arrow":5,"minecraft:rotten_flesh":10,"supplementaries:ash":11,"minecraft:skeleton_skull":1,"minecraft:bone_block":15,"minecraft:cobblestone":35,"minecraft:feather":4,"minecraft:cooked_beef":1,"minecraft:leather":1,"paraglider:spirit_orb":2,"minecraft:oak_log":66,"minecraft:dirt":1,"minecraft:bone":12,"minecraft:apple":5,"minecraft:raw_gold":11,"minecraft:rabbit_hide":4,"minecraft:cobweb":7,"galosphere:raw_silver":3,"minecraft:oak_planks":2,"minecraft:music_disc_chirp":1,"minecraft:blast_furnace":1,"quark:blue_corundum_cluster":1,"minecraft:diamond":15,"tombstone:scroll_of_knowledge":1,"minecraft:golden_horse_armor":1,"minecraft:emerald":9,"minecraft:oak_sapling":52,"tombstone:magic_scroll":3,"minecraft:coal":14},"minecraft:mined":{"minecraft:deepslate_diamond_ore":14,"minecraft:grass_block":1,"minecraft:furnace":4,"minecraft:iron_ore":34,"treechop:chopped_log":3,"minecraft:deepslate_iron_ore":14,"biomesoplenty:webbing":1,"minecraft:stone":33,"biomesoplenty:spider_egg":1,"quark:blue_corundum":1,"supplementaries:book_pile":2,"galosphere:deepslate_silver_ore":3,"minecraft:crafting_table":5,"minecraft:blast_furnace":1,"quark:blue_corundum_cluster":1,"minecraft:tall_grass":1,"minecraft:deepslate_gold_ore":4,"minecraft:oak_planks":2,"supplementaries:urn":8,"minecraft:grass":3,"minecraft:oak_log":4,"minecraft:coal_ore":9,"minecraft:gold_ore":2,"minecraft:deepslate":3},"minecraft:crafted":{"minecraft:oak_planks":152,"minecraft:cooked_chicken":3,"minecraft:furnace":2,"minecraft:iron_boots":1,"minecraft:stone_pickaxe":1,"minecraft:cooked_beef":10,"minecraft:diamond_sword":1,"minecraft:crafting_table":2,"minecraft:wooden_pickaxe":1,"minecraft:iron_helmet":1,"minecraft:bucket":1,"minecraft:stone_axe":1,"minecraft:air":0,"minecraft:iron_chestplate":1,"minecraft:shield":2,"minecraft:stick":16,"minecraft:iron_ingot":36,"minecraft:iron_pickaxe":1,"minecraft:stone_sword":1,"minecraft:iron_leggings":1,"minecraft:diamond_chestplate":1},"minecraft:custom":{"minecraft:mob_kills":33,"minecraft:interact_with_crafting_table":17,"minecraft:open_barrel":8,"minecraft:time_since_death":19655,"minecraft:sprint_one_cm":82059,"minecraft:walk_one_cm":89480,"minecraft:damage_blocked_by_shield":645,"minecraft:drop":50,"minecraft:play_time":40746,"minecraft:deaths":1,"minecraft:sneak_time":1463,"minecraft:walk_under_water_one_cm":158,"minecraft:jump":751,"minecraft:interact_with_blast_furnace":1,"minecraft:walk_on_water_one_cm":2894,"minecraft:total_world_time":40746,"minecraft:interact_with_furnace":27,"tombstone:raider_killed":2,"minecraft:time_since_rest":19141,"minecraft:damage_taken":1274,"minecraft:damage_dealt":6066,"tombstone:cast_on_ally":0,"minecraft:fly_one_cm":104525,"minecraft:open_chest":3,"minecraft:crouch_one_cm":2576,"tombstone:undead_killed":16,"minecraft:fall_one_cm":22811},"minecraft:dropped":{"minecraft:golden_horse_armor":1,"minecraft:crafting_table":1,"minecraft:feather":4,"delightful:green_tea_leaf":3,"paraglider:spirit_orb":2,"minecraft:stick":16,"minecraft:cobweb":7,"galosphere:raw_silver":3,"tombstone:grave_dust":3,"minecraft:potion":1,"delightful:acorn":6,"minecraft:string":1,"minecraft:redstone":2,"minecraft:bone":9,"minecraft:stone_axe":1,"minecraft:iron_nugget":1,"minecraft:music_disc_chirp":1,"quark:blue_corundum_cluster":1,"minecraft:stone_sword":1,"alexsmobs:animal_dictionary":1,"minecraft:cobbled_deepslate":1,"minecraft:raw_copper":9,"minecraft:rotten_flesh":10,"minecraft:iron_boots":1,"dungeonnowloading:spawner_fragment":4,"minecraft:rabbit_hide":4,"supplementaries:ash":8,"minecraft:shield":1,"minecraft:iron_chestplate":1,"minecraft:oak_sapling":52,"minecraft:arrow":5,"minecraft:stone_pickaxe":1,"minecraft:wooden_pickaxe":3},"minecraft:used":{"minecraft:stone_sword":98,"minecraft:shield":12,"minecraft:creeper_head":1,"tombstone:scroll_of_purification":2,"minecraft:cooked_chicken":3,"minecraft:dirt":1,"minecraft:furnace":4,"minecraft:egg":1,"tombstone:gift":2,"minecraft:skeleton_skull":1,"minecraft:cooked_beef":7,"minecraft:cobbled_deepslate":2,"minecraft:oak_planks":15,"minecraft:stone_pickaxe":70,"minecraft:wooden_pickaxe":11,"minecraft:crafting_table":7,"minecraft:apple":5,"minecraft:chicken":1,"minecraft:iron_pickaxe":52,"minecraft:stone_axe":36,"minecraft:enchanted_book":4,"minecraft:diamond_sword":17,"minecraft:cobblestone":2,"minecraft:bucket":1,"alexsmobs:animal_dictionary":1,"delightful:acorn":4}},"DataVersion":3465}