{"stats":{"minecraft:used":{"minecraft:stone_sword":98,"minecraft:ladder":1,"minecraft:shield":23,"minecraft:creeper_head":1,"tombstone:scroll_of_purification":2,"minecraft:cooked_chicken":3,"minecraft:torch":1,"minecraft:dirt":7,"minecraft:tuff":8,"minecraft:lava_bucket":1,"tombstone:tablet_of_cupidity":2,"minecraft:furnace":4,"tombstone:gift":2,"minecraft:egg":1,"minecraft:infested_cobblestone":29,"minecraft:skeleton_skull":1,"minecraft:cooked_beef":11,"minecraft:cobbled_deepslate":31,"minecraft:water_bucket":14,"minecraft:oak_planks":47,"minecraft:stone_pickaxe":70,"minecraft:wooden_pickaxe":11,"minecraft:diamond_axe":75,"minecraft:oak_slab":1,"minecraft:crafting_table":15,"minecraft:mushroom_stew":4,"minecraft:blast_furnace":2,"minecraft:cake":1,"minecraft:smoker":1,"new_shield_variants:diamond_shield":9,"tombstone:bag_of_seeds":1,"minecraft:black_wool":1,"minecraft:diamond_pickaxe":2,"minecraft:apple":6,"minecraft:bread":3,"minecraft:chicken":1,"minecraft:melon_slice":12,"minecraft:iron_pickaxe":233,"minecraft:stone_axe":36,"minecraft:diamond_sword":163,"minecraft:enchanted_book":4,"minecraft:cobblestone":3,"minecraft:cooked_porkchop":13,"minecraft:bucket":16,"minecraft:oak_boat":1,"alexsmobs:animal_dictionary":1,"delightful:acorn":4},"minecraft:dropped":{"minecraft:oak_slab":1,"minecraft:wheat_seeds":2,"minecraft:golden_horse_armor":1,"minecraft:crafting_table":2,"mowziesmobs:foliaath_seed":4,"minecraft:feather":4,"minecraft:iron_helmet":1,"minecraft:cobblestone":17,"delightful:green_tea_leaf":4,"minecraft:iron_horse_armor":1,"delightful:cantaloupe_seeds":1,"paraglider:spirit_orb":2,"minecraft:stick":19,"minecraft:cobweb":9,"minecraft:dirt":15,"galosphere:raw_silver":3,"minecraft:rose_bush":3,"tombstone:grave_dust":4,"minecraft:potion":1,"delightful:acorn":8,"minecraft:amethyst_shard":16,"minecraft:iron_pickaxe":1,"minecraft:string":3,"minecraft:smooth_basalt":2,"minecraft:bone":13,"minecraft:redstone":2,"minecraft:stone_axe":1,"minecraft:music_disc_chirp":1,"alexsmobs:animal_dictionary":1,"minecraft:cobbled_deepslate":20,"minecraft:iron_nugget":1,"minecraft:stone_sword":1,"quark:blue_corundum_cluster":1,"minecraft:raw_copper":13,"minecraft:bowl":4,"farmersdelight:cabbage_seeds":3,"blue_skies:scalefruit_seeds":2,"minecraft:rotten_flesh":25,"minecraft:iron_boots":2,"dungeonnowloading:spawner_fragment":4,"minecraft:pumpkin_seeds":1,"delightful:salmonberry_pips":3,"minecraft:rabbit_hide":4,"supplementaries:ash":34,"minecraft:shield":2,"minecraft:brick_stairs":2,"aether:chainmail_gloves":1,"minecraft:iron_chestplate":1,"minecraft:oak_sapling":58,"minecraft:ladder":2,"farmersdelight:rope":2,"tombstone:essence_of_undeath":2,"minecraft:arrow":21,"minecraft:bow":1,"minecraft:wooden_pickaxe":3,"minecraft:stone_pickaxe":1,"minecraft:infested_cobblestone":13},"minecraft:custom":{"minecraft:interact_with_smithing_table":1,"minecraft:mob_kills":81,"minecraft:interact_with_crafting_table":30,"minecraft:open_barrel":16,"minecraft:eat_cake_slice":7,"minecraft:leave_game":2,"minecraft:time_since_death":99291,"minecraft:climb_one_cm":613,"minecraft:sprint_one_cm":274473,"minecraft:walk_one_cm":252919,"minecraft:damage_blocked_by_shield":2245,"minecraft:drop":139,"minecraft:play_time":120382,"minecraft:deaths":1,"minecraft:sneak_time":4066,"minecraft:walk_under_water_one_cm":16608,"minecraft:jump":2185,"minecraft:interact_with_blast_furnace":5,"minecraft:walk_on_water_one_cm":18162,"minecraft:total_world_time":120382,"minecraft:interact_with_furnace":27,"tombstone:raider_killed":3,"minecraft:sleep_in_bed":1,"minecraft:time_since_rest":12669,"minecraft:damage_taken":3810,"minecraft:damage_dealt":15098,"tombstone:cast_on_ally":0,"minecraft:swim_one_cm":37158,"minecraft:fly_one_cm":326271,"minecraft:open_chest":11,"minecraft:crouch_one_cm":9636,"tombstone:undead_killed":44,"minecraft:interact_with_smoker":5,"minecraft:fall_one_cm":53061},"minecraft:mined":{"minecraft:tuff":8,"minecraft:deepslate_diamond_ore":18,"minecraft:grass_block":4,"minecraft:infested_cobblestone":2,"minecraft:brick_stairs":2,"minecraft:coal_block":6,"minecraft:raw_iron_block":5,"minecraft:furnace":4,"minecraft:iron_ore":42,"treechop:chopped_log":8,"minecraft:anvil":2,"minecraft:bookshelf":6,"minecraft:deepslate_iron_ore":21,"biomesoplenty:webbing":1,"regions_unexplored:medium_grass":1,"minecraft:stone":38,"biomesoplenty:spider_egg":1,"minecraft:smithing_table":1,"minecraft:oak_slab":6,"quark:blue_corundum":1,"supplementaries:book_pile":2,"minecraft:smoker":2,"galosphere:deepslate_silver_ore":3,"minecraft:crafting_table":8,"delightful:pumpkin_pie":4,"minecraft:blast_furnace":5,"minecraft:melon":6,"quark:blue_corundum_cluster":1,"minecraft:tall_grass":1,"minecraft:deepslate_gold_ore":39,"minecraft:oak_planks":2,"supplementaries:urn":15,"valhelsia_structures:metal_framed_glass_pane":2,"minecraft:grass":7,"minecraft:oak_log":11,"minecraft:coal_ore":43,"minecraft:dirt":2,"minecraft:cobweb":1,"minecraft:smooth_basalt":2,"minecraft:chipped_anvil":1,"minecraft:gold_ore":2,"minecraft:oak_leaves":4,"minecraft:deepslate":50,"minecraft:fern":2},"minecraft:picked_up":{"minecraft:crafting_table":10,"minecraft:ladder":3,"minecraft:chicken":4,"minecraft:creeper_head":1,"minecraft:anvil":2,"minecraft:smithing_table":1,"minecraft:wooden_pickaxe":2,"minecraft:infested_cobblestone":42,"minecraft:enchanted_book":6,"minecraft:potion":1,"minecraft:string":2,"minecraft:raw_copper":13,"dungeonnowloading:spawner_fragment":4,"minecraft:gold_nugget":9,"minecraft:cobbled_deepslate":51,"delightful:acorn":12,"minecraft:beef":11,"minecraft:rose_bush":3,"minecraft:iron_nugget":31,"minecraft:coal_block":6,"minecraft:melon_slice":32,"delightful:green_tea_leaf":4,"minecraft:furnace":4,"minecraft:egg":1,"tombstone:scroll_of_lightning_resistance":1,"minecraft:stick":33,"minecraft:raw_iron":107,"minecraft:torch":8,"minecraft:porkchop":14,"tombstone:grave_dust":3,"minecraft:redstone":2,"tombstone:tablet_of_cupidity":1,"minecraft:iron_horse_armor":1,"tombstone:scroll_of_purification":1,"minecraft:arrow":25,"minecraft:rotten_flesh":21,"tombstone:essence_of_undeath":2,"supplementaries:ash":34,"minecraft:brick_stairs":2,"minecraft:skeleton_skull":1,"minecraft:bone_block":15,"minecraft:cobblestone":80,"minecraft:feather":4,"minecraft:cooked_beef":1,"minecraft:leather":1,"minecraft:smoker":2,"paraglider:spirit_orb":2,"minecraft:tuff":8,"minecraft:oak_log":88,"minecraft:dirt":26,"quark:forgotten_hat":1,"minecraft:cooked_mutton":1,"minecraft:bone":25,"minecraft:chipped_anvil":1,"minecraft:apple":6,"minecraft:bow":1,"mowziesmobs:foliaath_seed":2,"minecraft:wheat_seeds":2,"minecraft:raw_gold":46,"minecraft:rabbit_hide":4,"minecraft:iron_ingot":11,"minecraft:cobweb":9,"tombstone:bag_of_seeds":1,"galosphere:raw_silver":3,"minecraft:oak_planks":55,"minecraft:music_disc_chirp":1,"minecraft:book":18,"minecraft:oak_slab":2,"minecraft:smooth_basalt":2,"minecraft:cooked_porkchop":8,"minecraft:raw_iron_block":5,"minecraft:gravel":2,"minecraft:amethyst_shard":16,"minecraft:blast_furnace":5,"quark:blue_corundum_cluster":1,"minecraft:diamond":19,"tombstone:scroll_of_knowledge":1,"iceandfire:gorgon_head":1,"minecraft:black_wool":1,"minecraft:golden_horse_armor":1,"minecraft:emerald":15,"tombstone:magic_scroll":4,"minecraft:oak_sapling":58,"minecraft:coal":106},"minecraft:broken":{"quark:forgotten_hat":1},"minecraft:crafted":{"minecraft:oak_planks":212,"minecraft:raw_iron":45,"minecraft:cooked_chicken":3,"minecraft:furnace":2,"minecraft:iron_boots":1,"minecraft:stone_pickaxe":1,"sophisticatedbackpacks:iron_backpack":1,"minecraft:smoker":2,"minecraft:cooked_beef":10,"minecraft:diamond_sword":1,"minecraft:cooked_porkchop":7,"minecraft:crafting_table":13,"minecraft:wooden_pickaxe":1,"minecraft:iron_helmet":2,"sophisticatedbackpacks:gold_backpack":1,"minecraft:bucket":1,"minecraft:stone_axe":1,"minecraft:air":0,"minecraft:bread":3,"new_shield_variants:diamond_shield":1,"minecraft:oak_boat":1,"minecraft:iron_chestplate":1,"minecraft:diamond_pickaxe":1,"minecraft:shield":2,"minecraft:stick":16,"minecraft:iron_ingot":42,"minecraft:iron_pickaxe":1,"minecraft:stone_sword":1,"minecraft:gold_ingot":1,"minecraft:iron_leggings":1,"minecraft:diamond_chestplate":1},"minecraft:killed":{"minecraft:cave_spider":3,"minecraft:witch":2,"alexsmobs:raccoon":1,"iceandfire:gorgon":1,"minecraft:spider":6,"illagerinvasion:marauder":1,"quark:forgotten":1,"minecraft:skeleton":11,"alexsmobs:leafcutter_ant":1,"minecraft:chicken":4,"minecraft:silverfish":1,"goblintraders:goblin_trader":1,"minecraft:wolf":1,"mowziesmobs:grottol":1,"minecraft:pig":7,"minecraft:sheep":1,"minecraft:zombie":31,"minecraft:cow":4}},"DataVersion":3465}