{"stats":{"minecraft:killed":{"minecraft:cave_spider":3,"minecraft:witch":2,"minecraft:spider":3,"quark:forgotten":1,"minecraft:skeleton":6,"minecraft:chicken":4,"minecraft:silverfish":1,"goblintraders:goblin_trader":1,"mowziesmobs:grottol":1,"minecraft:zombie":20,"minecraft:cow":4},"minecraft:picked_up":{"minecraft:crafting_table":6,"minecraft:chicken":4,"minecraft:creeper_head":1,"minecraft:wooden_pickaxe":2,"minecraft:enchanted_book":6,"minecraft:infested_cobblestone":42,"minecraft:potion":1,"minecraft:string":1,"minecraft:raw_copper":13,"dungeonnowloading:spawner_fragment":4,"minecraft:gold_nugget":9,"minecraft:cobbled_deepslate":15,"delightful:acorn":10,"minecraft:beef":11,"minecraft:iron_nugget":31,"delightful:green_tea_leaf":3,"minecraft:furnace":4,"minecraft:egg":1,"tombstone:scroll_of_lightning_resistance":1,"minecraft:stick":30,"minecraft:raw_iron":65,"minecraft:torch":8,"tombstone:grave_dust":3,"minecraft:redstone":2,"tombstone:tablet_of_cupidity":1,"tombstone:scroll_of_purification":1,"minecraft:arrow":19,"minecraft:rotten_flesh":14,"tombstone:essence_of_undeath":2,"supplementaries:ash":31,"minecraft:skeleton_skull":1,"minecraft:bone_block":15,"minecraft:cobblestone":35,"minecraft:feather":4,"minecraft:cooked_beef":1,"minecraft:leather":1,"paraglider:spirit_orb":2,"minecraft:oak_log":66,"minecraft:dirt":1,"quark:forgotten_hat":1,"minecraft:bone":19,"minecraft:apple":5,"mowziesmobs:foliaath_seed":2,"minecraft:raw_gold":26,"minecraft:rabbit_hide":4,"minecraft:cobweb":9,"tombstone:bag_of_seeds":1,"galosphere:raw_silver":3,"minecraft:oak_planks":2,"minecraft:music_disc_chirp":1,"minecraft:amethyst_shard":16,"minecraft:blast_furnace":2,"quark:blue_corundum_cluster":1,"minecraft:diamond":17,"tombstone:scroll_of_knowledge":1,"minecraft:golden_horse_armor":1,"minecraft:emerald":14,"minecraft:oak_sapling":52,"tombstone:magic_scroll":4,"minecraft:coal":14},"minecraft:mined":{"minecraft:deepslate_diamond_ore":16,"minecraft:grass_block":1,"minecraft:infested_cobblestone":2,"minecraft:furnace":4,"minecraft:iron_ore":34,"treechop:chopped_log":3,"minecraft:deepslate_iron_ore":18,"biomesoplenty:webbing":1,"minecraft:stone":33,"biomesoplenty:spider_egg":1,"quark:blue_corundum":1,"supplementaries:book_pile":2,"galosphere:deepslate_silver_ore":3,"minecraft:crafting_table":5,"minecraft:blast_furnace":2,"quark:blue_corundum_cluster":1,"minecraft:tall_grass":1,"minecraft:deepslate_gold_ore":19,"minecraft:oak_planks":2,"supplementaries:urn":15,"minecraft:grass":3,"minecraft:oak_log":4,"minecraft:coal_ore":9,"minecraft:gold_ore":2,"minecraft:deepslate":14},"minecraft:crafted":{"minecraft:oak_planks":152,"minecraft:cooked_chicken":3,"minecraft:furnace":2,"minecraft:iron_boots":1,"minecraft:stone_pickaxe":1,"minecraft:cooked_beef":10,"minecraft:diamond_sword":1,"minecraft:crafting_table":13,"minecraft:wooden_pickaxe":1,"minecraft:iron_helmet":1,"minecraft:bucket":1,"minecraft:stone_axe":1,"minecraft:bread":3,"minecraft:air":0,"minecraft:iron_chestplate":1,"minecraft:shield":2,"minecraft:stick":16,"minecraft:iron_ingot":36,"minecraft:iron_pickaxe":1,"minecraft:stone_sword":1,"minecraft:iron_leggings":1,"minecraft:diamond_chestplate":1},"minecraft:custom":{"minecraft:mob_kills":48,"minecraft:interact_with_crafting_table":18,"minecraft:open_barrel":14,"minecraft:time_since_death":31655,"minecraft:sprint_one_cm":112478,"minecraft:walk_one_cm":130221,"minecraft:damage_blocked_by_shield":1530,"minecraft:drop":83,"minecraft:play_time":52746,"minecraft:deaths":1,"minecraft:sneak_time":1817,"minecraft:walk_under_water_one_cm":3549,"minecraft:jump":992,"minecraft:interact_with_blast_furnace":1,"minecraft:walk_on_water_one_cm":12482,"minecraft:total_world_time":52746,"minecraft:interact_with_furnace":27,"tombstone:raider_killed":2,"minecraft:time_since_rest":31141,"minecraft:damage_taken":1941,"minecraft:damage_dealt":9095,"tombstone:cast_on_ally":0,"minecraft:swim_one_cm":2493,"minecraft:fly_one_cm":131674,"minecraft:open_chest":6,"minecraft:crouch_one_cm":2928,"tombstone:undead_killed":27,"minecraft:fall_one_cm":28255},"minecraft:dropped":{"minecraft:golden_horse_armor":1,"minecraft:crafting_table":1,"mowziesmobs:foliaath_seed":4,"minecraft:iron_helmet":1,"minecraft:feather":4,"minecraft:cobblestone":9,"delightful:green_tea_leaf":3,"delightful:cantaloupe_seeds":1,"paraglider:spirit_orb":2,"minecraft:stick":16,"minecraft:cobweb":9,"galosphere:raw_silver":3,"tombstone:grave_dust":4,"minecraft:potion":1,"delightful:acorn":6,"minecraft:amethyst_shard":16,"minecraft:string":1,"minecraft:redstone":2,"minecraft:bone":13,"minecraft:stone_axe":1,"minecraft:iron_nugget":1,"minecraft:music_disc_chirp":1,"quark:blue_corundum_cluster":1,"minecraft:stone_sword":1,"alexsmobs:animal_dictionary":1,"minecraft:cobbled_deepslate":13,"minecraft:raw_copper":13,"farmersdelight:cabbage_seeds":3,"blue_skies:scalefruit_seeds":2,"minecraft:rotten_flesh":14,"minecraft:iron_boots":2,"dungeonnowloading:spawner_fragment":4,"delightful:salmonberry_pips":3,"minecraft:rabbit_hide":4,"supplementaries:ash":31,"minecraft:shield":1,"minecraft:iron_chestplate":1,"minecraft:oak_sapling":52,"tombstone:essence_of_undeath":2,"minecraft:arrow":19,"minecraft:stone_pickaxe":1,"minecraft:wooden_pickaxe":3,"minecraft:infested_cobblestone":13},"minecraft:used":{"minecraft:stone_sword":98,"minecraft:shield":21,"minecraft:creeper_head":1,"tombstone:scroll_of_purification":2,"minecraft:cooked_chicken":3,"minecraft:torch":1,"minecraft:dirt":1,"minecraft:lava_bucket":1,"tombstone:tablet_of_cupidity":2,"minecraft:furnace":4,"minecraft:infested_cobblestone":29,"minecraft:egg":1,"tombstone:gift":2,"minecraft:skeleton_skull":1,"minecraft:cooked_beef":11,"minecraft:cobbled_deepslate":2,"minecraft:water_bucket":2,"minecraft:oak_planks":15,"minecraft:stone_pickaxe":70,"minecraft:wooden_pickaxe":11,"minecraft:crafting_table":8,"tombstone:bag_of_seeds":1,"minecraft:apple":5,"minecraft:chicken":1,"minecraft:bread":1,"minecraft:iron_pickaxe":94,"minecraft:stone_axe":36,"minecraft:enchanted_book":4,"minecraft:diamond_sword":62,"minecraft:cobblestone":2,"minecraft:bucket":4,"alexsmobs:animal_dictionary":1,"delightful:acorn":4}},"DataVersion":3465}