{"stats":{"minecraft:killed":{"minecraft:cave_spider":1,"minecraft:witch":2,"minecraft:spider":2,"minecraft:skeleton":4,"minecraft:zombie":7,"minecraft:chicken":4,"goblintraders:goblin_trader":1,"minecraft:cow":4},"minecraft:picked_up":{"minecraft:crafting_table":6,"minecraft:feather":4,"minecraft:cooked_beef":1,"minecraft:chicken":4,"minecraft:creeper_head":1,"minecraft:leather":1,"minecraft:wooden_pickaxe":2,"minecraft:potion":1,"minecraft:enchanted_book":1,"minecraft:oak_log":66,"minecraft:dirt":1,"minecraft:raw_copper":4,"minecraft:bone":8,"minecraft:apple":5,"minecraft:cobbled_deepslate":1,"minecraft:raw_gold":6,"minecraft:rabbit_hide":4,"delightful:acorn":10,"minecraft:beef":11,"minecraft:cobweb":7,"galosphere:raw_silver":3,"delightful:green_tea_leaf":3,"minecraft:oak_planks":2,"minecraft:egg":1,"minecraft:furnace":4,"tombstone:scroll_of_lightning_resistance":1,"minecraft:raw_iron":46,"minecraft:stick":30,"tombstone:grave_dust":2,"minecraft:redstone":2,"quark:blue_corundum_cluster":1,"tombstone:scroll_of_purification":1,"minecraft:arrow":4,"minecraft:rotten_flesh":6,"minecraft:diamond":14,"minecraft:golden_horse_armor":1,"minecraft:emerald":4,"tombstone:magic_scroll":1,"supplementaries:ash":8,"minecraft:oak_sapling":52,"minecraft:coal":14,"minecraft:cobblestone":35},"minecraft:mined":{"quark:blue_corundum":1,"minecraft:deepslate_diamond_ore":14,"galosphere:deepslate_silver_ore":3,"minecraft:crafting_table":5,"minecraft:grass_block":1,"quark:blue_corundum_cluster":1,"minecraft:tall_grass":1,"minecraft:oak_planks":2,"supplementaries:urn":4,"minecraft:furnace":4,"minecraft:iron_ore":34,"treechop:chopped_log":3,"minecraft:grass":3,"minecraft:coal_ore":9,"minecraft:oak_log":4,"minecraft:deepslate_iron_ore":3,"biomesoplenty:webbing":1,"biomesoplenty:spider_egg":1,"minecraft:stone":33,"minecraft:gold_ore":2,"minecraft:deepslate":1},"minecraft:crafted":{"minecraft:cooked_beef":10,"minecraft:oak_planks":152,"minecraft:crafting_table":2,"minecraft:iron_helmet":1,"minecraft:wooden_pickaxe":1,"minecraft:cooked_chicken":3,"minecraft:furnace":2,"minecraft:stone_axe":1,"minecraft:air":0,"minecraft:iron_boots":1,"minecraft:iron_chestplate":1,"minecraft:shield":2,"minecraft:stick":16,"minecraft:iron_ingot":34,"minecraft:iron_pickaxe":1,"minecraft:stone_pickaxe":1,"minecraft:stone_sword":1,"minecraft:iron_leggings":1},"minecraft:custom":{"minecraft:interact_with_furnace":27,"minecraft:mob_kills":25,"tombstone:raider_killed":2,"minecraft:interact_with_crafting_table":12,"minecraft:time_since_death":7655,"minecraft:time_since_rest":7141,"minecraft:sprint_one_cm":60703,"minecraft:damage_taken":702,"minecraft:walk_one_cm":59339,"minecraft:damage_blocked_by_shield":345,"minecraft:drop":28,"minecraft:damage_dealt":4356,"tombstone:cast_on_ally":0,"minecraft:fly_one_cm":77760,"minecraft:crouch_one_cm":1991,"minecraft:play_time":28746,"tombstone:undead_killed":11,"minecraft:deaths":1,"minecraft:sneak_time":1056,"minecraft:walk_under_water_one_cm":158,"minecraft:jump":534,"minecraft:walk_on_water_one_cm":732,"minecraft:total_world_time":28746,"minecraft:fall_one_cm":18985},"minecraft:dropped":{"quark:blue_corundum_cluster":1,"minecraft:cobbled_deepslate":1,"minecraft:raw_copper":4,"minecraft:crafting_table":1,"minecraft:feather":4,"delightful:green_tea_leaf":3,"minecraft:rabbit_hide":4,"minecraft:cobweb":7,"minecraft:shield":1,"galosphere:raw_silver":3,"minecraft:oak_sapling":52,"minecraft:potion":1,"tombstone:grave_dust":2,"delightful:acorn":6,"minecraft:stone_pickaxe":1,"minecraft:wooden_pickaxe":3,"minecraft:bone":8,"minecraft:redstone":2},"minecraft:used":{"minecraft:stone_sword":88,"minecraft:stone_pickaxe":70,"minecraft:oak_planks":15,"minecraft:wooden_pickaxe":11,"minecraft:shield":7,"tombstone:scroll_of_purification":2,"minecraft:cooked_chicken":3,"minecraft:dirt":1,"minecraft:crafting_table":6,"minecraft:apple":2,"minecraft:chicken":1,"minecraft:iron_pickaxe":29,"minecraft:stone_axe":36,"minecraft:furnace":4,"tombstone:gift":1,"alexsmobs:animal_dictionary":1,"minecraft:egg":1,"minecraft:cooked_beef":1,"delightful:acorn":4}},"DataVersion":3465}