{"stats":{"minecraft:used":{"minecraft:stone_sword":98,"minecraft:shield":23,"minecraft:creeper_head":1,"tombstone:scroll_of_purification":2,"minecraft:cooked_chicken":3,"minecraft:torch":1,"minecraft:dirt":6,"minecraft:tuff":8,"minecraft:lava_bucket":1,"tombstone:tablet_of_cupidity":2,"minecraft:furnace":4,"tombstone:gift":2,"minecraft:egg":1,"minecraft:infested_cobblestone":29,"minecraft:skeleton_skull":1,"minecraft:cooked_beef":11,"minecraft:cobbled_deepslate":31,"minecraft:water_bucket":12,"minecraft:oak_planks":36,"minecraft:stone_pickaxe":70,"minecraft:wooden_pickaxe":11,"minecraft:diamond_axe":52,"minecraft:crafting_table":14,"minecraft:mushroom_stew":4,"minecraft:blast_furnace":1,"minecraft:cake":1,"minecraft:smoker":1,"new_shield_variants:diamond_shield":3,"tombstone:bag_of_seeds":1,"minecraft:diamond_pickaxe":1,"minecraft:apple":6,"minecraft:bread":3,"minecraft:chicken":1,"minecraft:melon_slice":7,"minecraft:iron_pickaxe":211,"minecraft:stone_axe":36,"minecraft:diamond_sword":122,"minecraft:enchanted_book":4,"minecraft:cobblestone":3,"minecraft:cooked_porkchop":9,"minecraft:bucket":14,"minecraft:oak_boat":1,"alexsmobs:animal_dictionary":1,"delightful:acorn":4},"minecraft:dropped":{"minecraft:wheat_seeds":2,"minecraft:golden_horse_armor":1,"minecraft:crafting_table":2,"mowziesmobs:foliaath_seed":4,"minecraft:feather":4,"minecraft:iron_helmet":1,"minecraft:cobblestone":17,"delightful:green_tea_leaf":4,"delightful:cantaloupe_seeds":1,"paraglider:spirit_orb":2,"minecraft:stick":17,"minecraft:cobweb":9,"minecraft:dirt":15,"galosphere:raw_silver":3,"minecraft:rose_bush":3,"tombstone:grave_dust":4,"minecraft:potion":1,"delightful:acorn":8,"minecraft:amethyst_shard":16,"minecraft:string":2,"minecraft:smooth_basalt":2,"minecraft:bone":13,"minecraft:redstone":2,"minecraft:stone_axe":1,"minecraft:music_disc_chirp":1,"alexsmobs:animal_dictionary":1,"minecraft:cobbled_deepslate":20,"minecraft:iron_nugget":1,"minecraft:stone_sword":1,"quark:blue_corundum_cluster":1,"minecraft:raw_copper":13,"minecraft:bowl":4,"farmersdelight:cabbage_seeds":3,"blue_skies:scalefruit_seeds":2,"minecraft:rotten_flesh":20,"minecraft:iron_boots":2,"dungeonnowloading:spawner_fragment":4,"minecraft:pumpkin_seeds":1,"delightful:salmonberry_pips":3,"minecraft:rabbit_hide":4,"supplementaries:ash":34,"minecraft:shield":2,"minecraft:iron_chestplate":1,"minecraft:oak_sapling":56,"farmersdelight:rope":2,"tombstone:essence_of_undeath":2,"minecraft:arrow":19,"minecraft:wooden_pickaxe":3,"minecraft:stone_pickaxe":1,"minecraft:infested_cobblestone":13},"minecraft:custom":{"minecraft:mob_kills":70,"minecraft:interact_with_crafting_table":25,"minecraft:open_barrel":15,"minecraft:eat_cake_slice":7,"minecraft:leave_game":2,"minecraft:time_since_death":75291,"minecraft:sprint_one_cm":231385,"minecraft:walk_one_cm":203976,"minecraft:damage_blocked_by_shield":1890,"minecraft:drop":123,"minecraft:play_time":96382,"minecraft:deaths":1,"minecraft:sneak_time":3894,"minecraft:walk_under_water_one_cm":16244,"minecraft:jump":1866,"minecraft:interact_with_blast_furnace":3,"minecraft:walk_on_water_one_cm":17455,"minecraft:total_world_time":96382,"minecraft:interact_with_furnace":27,"tombstone:raider_killed":3,"minecraft:time_since_rest":74777,"minecraft:damage_taken":3422,"minecraft:damage_dealt":12538,"tombstone:cast_on_ally":0,"minecraft:swim_one_cm":28418,"minecraft:fly_one_cm":273618,"minecraft:open_chest":6,"minecraft:crouch_one_cm":9047,"tombstone:undead_killed":36,"minecraft:interact_with_smoker":4,"minecraft:fall_one_cm":44665},"minecraft:mined":{"minecraft:tuff":8,"minecraft:deepslate_diamond_ore":18,"minecraft:grass_block":3,"minecraft:infested_cobblestone":2,"minecraft:furnace":4,"minecraft:iron_ore":39,"treechop:chopped_log":7,"minecraft:deepslate_iron_ore":21,"biomesoplenty:webbing":1,"regions_unexplored:medium_grass":1,"minecraft:stone":38,"biomesoplenty:spider_egg":1,"quark:blue_corundum":1,"supplementaries:book_pile":2,"minecraft:smoker":1,"galosphere:deepslate_silver_ore":3,"minecraft:crafting_table":6,"delightful:pumpkin_pie":4,"minecraft:blast_furnace":3,"minecraft:melon":6,"quark:blue_corundum_cluster":1,"minecraft:tall_grass":1,"minecraft:deepslate_gold_ore":39,"minecraft:oak_planks":2,"supplementaries:urn":15,"minecraft:grass":7,"minecraft:oak_log":10,"minecraft:coal_ore":43,"minecraft:dirt":2,"minecraft:smooth_basalt":2,"minecraft:gold_ore":2,"minecraft:oak_leaves":4,"minecraft:deepslate":50,"minecraft:fern":2},"minecraft:picked_up":{"minecraft:crafting_table":7,"minecraft:chicken":4,"minecraft:creeper_head":1,"minecraft:wooden_pickaxe":2,"minecraft:infested_cobblestone":42,"minecraft:enchanted_book":6,"minecraft:potion":1,"minecraft:string":1,"minecraft:raw_copper":13,"dungeonnowloading:spawner_fragment":4,"minecraft:gold_nugget":9,"minecraft:cobbled_deepslate":51,"delightful:acorn":12,"minecraft:beef":11,"minecraft:rose_bush":3,"minecraft:iron_nugget":31,"minecraft:melon_slice":32,"delightful:green_tea_leaf":4,"minecraft:furnace":4,"minecraft:egg":1,"tombstone:scroll_of_lightning_resistance":1,"minecraft:stick":31,"minecraft:raw_iron":104,"minecraft:torch":8,"minecraft:porkchop":14,"tombstone:grave_dust":3,"minecraft:redstone":2,"tombstone:tablet_of_cupidity":1,"tombstone:scroll_of_purification":1,"minecraft:arrow":19,"minecraft:rotten_flesh":16,"tombstone:essence_of_undeath":2,"supplementaries:ash":34,"minecraft:skeleton_skull":1,"minecraft:bone_block":15,"minecraft:cobblestone":80,"minecraft:feather":4,"minecraft:cooked_beef":1,"minecraft:leather":1,"minecraft:smoker":1,"paraglider:spirit_orb":2,"minecraft:tuff":8,"minecraft:oak_log":81,"minecraft:dirt":25,"quark:forgotten_hat":1,"minecraft:bone":21,"minecraft:apple":6,"mowziesmobs:foliaath_seed":2,"minecraft:wheat_seeds":2,"minecraft:raw_gold":46,"minecraft:rabbit_hide":4,"minecraft:iron_ingot":1,"minecraft:cobweb":9,"tombstone:bag_of_seeds":1,"galosphere:raw_silver":3,"minecraft:oak_planks":54,"minecraft:music_disc_chirp":1,"minecraft:smooth_basalt":2,"minecraft:cooked_porkchop":4,"minecraft:gravel":2,"minecraft:amethyst_shard":16,"minecraft:blast_furnace":3,"quark:blue_corundum_cluster":1,"minecraft:diamond":19,"tombstone:scroll_of_knowledge":1,"minecraft:golden_horse_armor":1,"minecraft:emerald":15,"tombstone:magic_scroll":4,"minecraft:oak_sapling":56,"minecraft:coal":48},"minecraft:broken":{"quark:forgotten_hat":1},"minecraft:crafted":{"minecraft:oak_planks":184,"minecraft:cooked_chicken":3,"minecraft:furnace":2,"minecraft:iron_boots":1,"minecraft:stone_pickaxe":1,"minecraft:smoker":1,"minecraft:cooked_beef":10,"minecraft:diamond_sword":1,"minecraft:cooked_porkchop":7,"minecraft:crafting_table":13,"minecraft:wooden_pickaxe":1,"minecraft:iron_helmet":2,"minecraft:bucket":1,"minecraft:stone_axe":1,"minecraft:air":0,"minecraft:bread":3,"new_shield_variants:diamond_shield":1,"minecraft:oak_boat":1,"minecraft:iron_chestplate":1,"minecraft:diamond_pickaxe":1,"minecraft:shield":2,"minecraft:stick":16,"minecraft:iron_ingot":42,"minecraft:iron_pickaxe":1,"minecraft:stone_sword":1,"minecraft:gold_ingot":1,"minecraft:iron_leggings":1,"minecraft:diamond_chestplate":1},"minecraft:killed":{"minecraft:cave_spider":3,"minecraft:witch":2,"minecraft:spider":6,"illagerinvasion:marauder":1,"quark:forgotten":1,"minecraft:skeleton":7,"minecraft:chicken":4,"minecraft:silverfish":1,"goblintraders:goblin_trader":1,"minecraft:wolf":1,"mowziesmobs:grottol":1,"minecraft:pig":7,"minecraft:zombie":28,"minecraft:cow":4}},"DataVersion":3465}