{"stats":{"minecraft:killed":{"minecraft:skeleton":2,"minecraft:zombie":5},"minecraft:picked_up":{"minecraft:raw_iron":18,"minecraft:crafting_table":1,"minecraft:andesite":1,"minecraft:torch":1,"minecraft:oak_log":5,"minecraft:bundle":1,"tombstone:gift":1,"minecraft:bone":3,"minecraft:arrow":3,"minecraft:rotten_flesh":6,"minecraft:apple":1,"minecraft:wheat_seeds":1,"minecraft:iron_ingot":1,"minecraft:iron_nugget":5,"minecraft:emerald":2,"minecraft:oak_sapling":3,"minecraft:coal":14,"minecraft:cobblestone":27,"minecraft:egg":1},"minecraft:mined":{"supplementaries:urn":2,"minecraft:iron_ore":18,"minecraft:andesite":1,"treechop:chopped_log":1,"minecraft:crafting_table":1,"minecraft:grass":11,"minecraft:oak_log":1,"minecraft:coal_ore":15,"minecraft:tall_grass":1,"minecraft:stone":26},"minecraft:crafted":{"minecraft:oak_planks":20,"minecraft:iron_boots":1,"minecraft:shield":1,"minecraft:crafting_table":1,"minecraft:stick":12,"minecraft:iron_ingot":10,"minecraft:wooden_pickaxe":1,"minecraft:iron_pickaxe":1,"minecraft:stone_pickaxe":1,"minecraft:iron_sword":1,"minecraft:furnace":1,"minecraft:torch":4,"minecraft:stone_axe":1,"minecraft:air":0},"minecraft:custom":{"minecraft:time_since_rest":11720,"minecraft:interact_with_furnace":10,"minecraft:sprint_one_cm":28932,"minecraft:damage_taken":722,"minecraft:walk_one_cm":26017,"minecraft:damage_blocked_by_shield":480,"minecraft:mob_kills":7,"minecraft:drop":6,"minecraft:damage_dealt":1582,"minecraft:interact_with_crafting_table":13,"minecraft:fly_one_cm":83437,"tombstone:undead_killed":7,"minecraft:crouch_one_cm":3849,"minecraft:play_time":16789,"minecraft:deaths":1,"minecraft:sneak_time":1279,"minecraft:jump":439,"minecraft:walk_on_water_one_cm":810,"minecraft:time_since_death":11838,"minecraft:total_world_time":16789,"minecraft:fall_one_cm":19705},"minecraft:dropped":{"minecraft:wheat_seeds":1,"alexsmobs:animal_dictionary":1,"minecraft:andesite":1,"tombstone:gift":1,"tombstone:grave_dust":1,"minecraft:arrow":3},"minecraft:used":{"minecraft:stone_pickaxe":38,"minecraft:iron_pickaxe":20,"minecraft:shield":10,"minecraft:wooden_pickaxe":4,"minecraft:iron_sword":22,"minecraft:iron_boots":1,"minecraft:stone_axe":2,"minecraft:torch":2,"minecraft:cobblestone":9,"minecraft:crafting_table":1,"minecraft:furnace":1,"tombstone:gift":1,"minecraft:egg":1}},"DataVersion":3465}