{"stats":{"minecraft:killed":{"minecraft:cave_spider":5,"minecraft:witch":1,"minecraft:spider":9,"minecraft:creeper":2,"minecraft:skeleton":10,"minecraft:zombie":24},"minecraft:picked_up":{"minecraft:crafting_table":6,"minecraft:andesite":1,"minecraft:enchanted_book":1,"minecraft:tuff":21,"minecraft:oak_log":5,"supplementaries:flax_seeds":3,"minecraft:gunpowder":2,"minecraft:amethyst_block":10,"minecraft:string":13,"tombstone:gift":1,"minecraft:raw_copper":6,"minecraft:bone":49,"minecraft:apple":1,"minecraft:wheat_seeds":1,"minecraft:gold_nugget":51,"minecraft:cobbled_deepslate":35,"minecraft:raw_gold":8,"minecraft:stone_pickaxe":1,"minecraft:iron_ingot":4,"minecraft:cobweb":8,"minecraft:iron_nugget":88,"minecraft:iron_boots":2,"minecraft:furnace":2,"minecraft:egg":1,"minecraft:stick":20,"minecraft:raw_iron":50,"minecraft:torch":22,"minecraft:amethyst_shard":4,"tombstone:grave_dust":4,"minecraft:carrot":1,"minecraft:spider_eye":1,"tombstone:scroll_of_true_sight":1,"minecraft:bundle":1,"minecraft:arrow":10,"minecraft:rotten_flesh":15,"minecraft:diamond":20,"minecraft:stone_axe":1,"tombstone:tablet_of_recall":1,"farmersdelight:rope":4,"minecraft:gold_ingot":7,"tombstone:scroll_of_aquatic_life":2,"minecraft:emerald":5,"tombstone:magic_scroll":2,"supplementaries:ash":45,"minecraft:oak_sapling":3,"minecraft:coal":79,"minecraft:skeleton_skull":3,"minecraft:cobblestone":43},"minecraft:mined":{"minecraft:tuff":28,"minecraft:deepslate_diamond_ore":20,"minecraft:medium_amethyst_bud":1,"minecraft:amethyst_cluster":1,"minecraft:crafting_table":6,"minecraft:infested_cobblestone":1,"minecraft:tall_grass":1,"minecraft:cobblestone":1,"minecraft:deepslate_gold_ore":1,"minecraft:amethyst_block":10,"minecraft:skeleton_skull":1,"minecraft:spawner":1,"supplementaries:urn":33,"minecraft:furnace":2,"minecraft:cobbled_deepslate":1,"minecraft:iron_ore":34,"minecraft:andesite":1,"farmersdelight:rope":4,"treechop:chopped_log":1,"minecraft:small_amethyst_bud":2,"minecraft:grass":11,"minecraft:coal_ore":26,"minecraft:oak_log":1,"minecraft:deepslate_iron_ore":12,"biomesoplenty:webbing":2,"minecraft:gravel":3,"minecraft:stone":41,"minecraft:deepslate":35},"minecraft:crafted":{"minecraft:oak_planks":20,"minecraft:diamond_sword":1,"minecraft:crafting_table":1,"minecraft:wooden_pickaxe":1,"minecraft:iron_helmet":1,"minecraft:iron_sword":1,"minecraft:furnace":1,"minecraft:bucket":1,"minecraft:stone_axe":1,"minecraft:air":0,"aether:iron_gloves":1,"minecraft:iron_chestplate":1,"minecraft:iron_boots":1,"minecraft:diamond_pickaxe":1,"minecraft:shield":1,"minecraft:stick":12,"minecraft:diamond_boots":1,"minecraft:iron_ingot":40,"minecraft:iron_pickaxe":1,"minecraft:stone_pickaxe":1,"minecraft:iron_leggings":1,"minecraft:torch":4},"minecraft:broken":{"minecraft:shield":1},"minecraft:custom":{"minecraft:interact_with_furnace":22,"minecraft:mob_kills":51,"tombstone:raider_killed":1,"minecraft:interact_with_crafting_table":27,"minecraft:open_barrel":16,"minecraft:time_since_death":31628,"minecraft:time_since_rest":31003,"minecraft:sprint_one_cm":105595,"minecraft:damage_absorbed":158,"minecraft:damage_taken":2361,"minecraft:walk_one_cm":96135,"minecraft:damage_blocked_by_shield":2835,"minecraft:drop":23,"minecraft:damage_dealt":9948,"tombstone:cast_on_ally":0,"minecraft:swim_one_cm":708,"minecraft:fly_one_cm":257640,"minecraft:open_chest":6,"minecraft:crouch_one_cm":14982,"minecraft:play_time":52789,"tombstone:undead_killed":34,"minecraft:deaths":2,"minecraft:sneak_time":5751,"minecraft:walk_under_water_one_cm":921,"minecraft:jump":1623,"minecraft:walk_on_water_one_cm":7710,"minecraft:total_world_time":52789,"minecraft:fall_one_cm":65875},"minecraft:dropped":{"minecraft:stone_axe":1,"minecraft:wheat_seeds":1,"minecraft:iron_nugget":5,"minecraft:cobbled_deepslate":4,"alexsmobs:animal_dictionary":1,"tombstone:gift":1,"tombstone:tablet_of_recall":1,"minecraft:rotten_flesh":13,"minecraft:oak_planks":1,"minecraft:iron_boots":2,"minecraft:amethyst_block":10,"supplementaries:flax_seeds":3,"minecraft:torch":24,"minecraft:andesite":1,"minecraft:oak_sapling":3,"tombstone:grave_dust":2,"minecraft:spider_eye":1,"minecraft:arrow":3,"minecraft:stone_pickaxe":2,"minecraft:wooden_pickaxe":1},"minecraft:used":{"minecraft:water_bucket":17,"minecraft:diamond_boots":1,"minecraft:stone_pickaxe":38,"minecraft:wooden_pickaxe":4,"minecraft:shield":50,"minecraft:iron_sword":87,"tombstone:scroll_of_true_sight":2,"minecraft:torch":2,"minecraft:crafting_table":5,"tombstone:scroll_of_aquatic_life":1,"minecraft:carrot":2,"artifacts:onion_ring":1,"minecraft:tuff":21,"farmersdelight:rope":4,"minecraft:diamond_pickaxe":87,"minecraft:apple":1,"minecraft:iron_pickaxe":123,"tombstone:magic_scroll":1,"minecraft:iron_boots":1,"minecraft:diamond_sword":73,"minecraft:stone_axe":7,"minecraft:cobblestone":29,"minecraft:furnace":2,"minecraft:cooked_porkchop":11,"minecraft:bucket":18,"tombstone:gift":3,"minecraft:egg":1,"minecraft:cobbled_deepslate":21}},"DataVersion":3465}