{"stats":{"minecraft:killed":{"minecraft:cave_spider":1,"minecraft:spider":1,"minecraft:creeper":1,"minecraft:skeleton":5,"minecraft:zombie":14},"minecraft:picked_up":{"minecraft:crafting_table":3,"minecraft:andesite":1,"minecraft:enchanted_book":1,"minecraft:oak_log":5,"minecraft:string":4,"tombstone:gift":1,"minecraft:bone":5,"minecraft:apple":1,"minecraft:wheat_seeds":1,"minecraft:cobbled_deepslate":4,"minecraft:stone_pickaxe":1,"minecraft:iron_ingot":2,"minecraft:iron_nugget":5,"minecraft:furnace":2,"minecraft:egg":1,"minecraft:raw_iron":40,"minecraft:torch":11,"tombstone:grave_dust":4,"minecraft:carrot":1,"minecraft:spider_eye":1,"minecraft:bundle":1,"minecraft:arrow":6,"minecraft:rotten_flesh":12,"tombstone:scroll_of_aquatic_life":1,"minecraft:emerald":4,"supplementaries:ash":6,"minecraft:oak_sapling":3,"minecraft:coal":62,"minecraft:cobblestone":43},"minecraft:mined":{"minecraft:crafting_table":3,"minecraft:tall_grass":1,"minecraft:cobblestone":1,"supplementaries:urn":5,"minecraft:furnace":2,"minecraft:iron_ore":34,"minecraft:andesite":1,"treechop:chopped_log":1,"minecraft:grass":11,"minecraft:coal_ore":26,"minecraft:oak_log":1,"minecraft:deepslate_iron_ore":2,"biomesoplenty:webbing":2,"minecraft:stone":41,"minecraft:deepslate":4},"minecraft:crafted":{"minecraft:oak_planks":20,"minecraft:crafting_table":1,"minecraft:wooden_pickaxe":1,"minecraft:iron_helmet":1,"minecraft:iron_sword":1,"minecraft:furnace":1,"minecraft:bucket":1,"minecraft:stone_axe":1,"minecraft:air":0,"aether:iron_gloves":1,"minecraft:iron_chestplate":1,"minecraft:iron_boots":1,"minecraft:shield":1,"minecraft:stick":12,"minecraft:iron_ingot":35,"minecraft:iron_pickaxe":1,"minecraft:stone_pickaxe":1,"minecraft:iron_leggings":1,"minecraft:torch":4},"minecraft:custom":{"minecraft:interact_with_furnace":22,"minecraft:mob_kills":22,"minecraft:interact_with_crafting_table":21,"minecraft:time_since_death":7628,"minecraft:time_since_rest":7003,"minecraft:sprint_one_cm":51923,"minecraft:damage_taken":1386,"minecraft:walk_one_cm":46983,"minecraft:damage_blocked_by_shield":1500,"minecraft:drop":7,"minecraft:damage_dealt":4530,"minecraft:fly_one_cm":140357,"minecraft:crouch_one_cm":5094,"minecraft:play_time":28789,"tombstone:undead_killed":19,"minecraft:deaths":2,"minecraft:sneak_time":2269,"minecraft:jump":826,"minecraft:walk_on_water_one_cm":1200,"minecraft:total_world_time":28789,"minecraft:fall_one_cm":35991},"minecraft:dropped":{"minecraft:wheat_seeds":1,"alexsmobs:animal_dictionary":1,"tombstone:gift":1,"minecraft:andesite":1,"tombstone:grave_dust":2,"minecraft:arrow":3},"minecraft:used":{"minecraft:stone_pickaxe":38,"minecraft:wooden_pickaxe":4,"minecraft:shield":27,"minecraft:iron_sword":70,"minecraft:torch":2,"minecraft:crafting_table":2,"minecraft:iron_pickaxe":74,"minecraft:iron_boots":1,"minecraft:stone_axe":4,"minecraft:cobblestone":14,"minecraft:furnace":2,"minecraft:cooked_porkchop":2,"tombstone:gift":3,"minecraft:egg":1}},"DataVersion":3465}