{"stats":{"minecraft:mined":{"alexscaves:spelunkery_table":1,"minecraft:large_amethyst_bud":1,"minecraft:tuff":35,"minecraft:deepslate_diamond_ore":20,"minecraft:obsidian":5,"minecraft:granite":15,"minecraft:grass_block":4,"minecraft:infested_cobblestone":1,"minecraft:spawner":1,"minecraft:furnace":2,"minecraft:cobbled_deepslate":1,"minecraft:iron_ore":36,"minecraft:fire":1,"minecraft:andesite":3,"treechop:chopped_log":1,"minecraft:bookshelf":3,"farmersdelight:rope":4,"minecraft:deepslate_iron_ore":12,"minecraft:small_amethyst_bud":2,"biomesoplenty:webbing":2,"regions_unexplored:medium_grass":2,"minecraft:stone":102,"regions_unexplored:windswept_grass":1,"minecraft:oak_slab":2,"minecraft:medium_amethyst_bud":2,"minecraft:amethyst_cluster":2,"minecraft:crafting_table":8,"minecraft:cobblestone":5,"minecraft:tall_grass":1,"minecraft:deepslate_gold_ore":1,"minecraft:diorite":4,"minecraft:amethyst_block":10,"minecraft:skeleton_skull":1,"supplementaries:urn":35,"minecraft:grass":15,"minecraft:coal_ore":39,"minecraft:oak_log":1,"minecraft:gravel":5,"minecraft:dirt":11,"minecraft:oak_leaves":1,"minecraft:deepslate":75,"minecraft:fern":4},"minecraft:dropped":{"minecraft:bread":1,"minecraft:iron_sword":1,"minecraft:wheat_seeds":1,"minecraft:cooked_porkchop":3,"minecraft:iron_helmet":2,"minecraft:amethyst_block":10,"minecraft:stick":19,"minecraft:emerald":5,"minecraft:torch":24,"tombstone:grave_dust":2,"minecraft:gold_nugget":8,"minecraft:iron_pickaxe":1,"minecraft:string":12,"minecraft:stone_axe":2,"minecraft:iron_nugget":9,"tombstone:scroll_of_aquatic_life":2,"alexsmobs:animal_dictionary":1,"minecraft:cobbled_deepslate":4,"tombstone:gift":1,"tombstone:tablet_of_recall":1,"minecraft:rotten_flesh":15,"minecraft:oak_planks":1,"minecraft:iron_boots":3,"supplementaries:flax_seeds":3,"supplementaries:ash":45,"minecraft:skeleton_skull":3,"minecraft:diamond_pickaxe":2,"minecraft:iron_chestplate":1,"minecraft:andesite":3,"minecraft:oak_sapling":4,"farmersdelight:rope":24,"minecraft:spider_eye":1,"minecraft:arrow":3,"minecraft:wooden_pickaxe":1,"minecraft:stone_pickaxe":2},"minecraft:killed":{"minecraft:cave_spider":5,"minecraft:witch":1,"minecraft:spider":10,"endermanoverhaul:dark_oak_enderman":1,"quark:forgotten":1,"minecraft:skeleton":15,"minecraft:wolf":1,"minecraft:husk":1,"minecraft:pig":3,"minecraft:creeper":3,"minecraft:sheep":1,"minecraft:zombie":28,"minecraft:cow":6},"minecraft:custom":{"minecraft:mob_kills":80,"minecraft:interact_with_crafting_table":34,"minecraft:open_barrel":18,"minecraft:leave_game":2,"minecraft:time_since_death":45338,"minecraft:sprint_one_cm":236557,"minecraft:walk_one_cm":169594,"minecraft:damage_blocked_by_shield":4635,"minecraft:drop":53,"minecraft:play_time":98165,"minecraft:deaths":3,"minecraft:sneak_time":7969,"minecraft:walk_under_water_one_cm":16284,"minecraft:jump":3223,"minecraft:walk_on_water_one_cm":25136,"minecraft:total_world_time":98165,"minecraft:interact_with_furnace":22,"tombstone:raider_killed":1,"minecraft:interact_with_loom":1,"minecraft:time_since_rest":45210,"minecraft:damage_taken":3695,"minecraft:damage_absorbed":158,"minecraft:damage_dealt":14365,"tombstone:cast_on_ally":0,"minecraft:swim_one_cm":40586,"minecraft:fly_one_cm":563120,"minecraft:open_chest":6,"minecraft:crouch_one_cm":16103,"tombstone:undead_killed":45,"minecraft:fall_one_cm":120690},"minecraft:crafted":{"minecraft:oak_planks":20,"minecraft:furnace":1,"minecraft:iron_boots":1,"minecraft:iron_axe":1,"minecraft:stone_pickaxe":1,"new_shield_variants:iron_shield":1,"minecraft:diamond_boots":1,"minecraft:diamond_sword":1,"minecraft:crafting_table":1,"minecraft:wooden_pickaxe":1,"minecraft:iron_helmet":1,"minecraft:iron_sword":1,"minecraft:bucket":1,"minecraft:stone_axe":1,"minecraft:air":0,"aether:iron_gloves":1,"minecraft:iron_chestplate":1,"minecraft:diamond_pickaxe":1,"minecraft:shield":1,"minecraft:stick":12,"minecraft:iron_ingot":44,"minecraft:iron_pickaxe":1,"minecraft:gold_ingot":7,"minecraft:iron_leggings":1,"minecraft:torch":4,"minecraft:diamond_chestplate":1},"minecraft:broken":{"minecraft:shield":1},"minecraft:used":{"minecraft:shield":50,"minecraft:iron_sword":87,"minecraft:torch":2,"minecraft:dirt":5,"tombstone:scroll_of_aquatic_life":1,"minecraft:carrot":2,"artifacts:onion_ring":1,"minecraft:tuff":21,"minecraft:granite":18,"farmersdelight:rope":4,"minecraft:iron_axe":9,"minecraft:iron_boots":1,"minecraft:diamond_chestplate":1,"minecraft:furnace":2,"tombstone:gift":3,"minecraft:egg":2,"minecraft:cobbled_deepslate":65,"minecraft:water_bucket":79,"minecraft:diamond_boots":1,"minecraft:bundle":1,"minecraft:stone_pickaxe":38,"minecraft:wooden_pickaxe":4,"tombstone:scroll_of_true_sight":2,"minecraft:crafting_table":8,"minecraft:diamond_pickaxe":248,"minecraft:apple":1,"minecraft:bread":1,"minecraft:iron_pickaxe":123,"tombstone:magic_scroll":1,"minecraft:stone_axe":7,"minecraft:diamond_sword":142,"minecraft:cobblestone":53,"new_shield_variants:iron_shield":25,"minecraft:cooked_porkchop":31,"minecraft:bucket":80},"minecraft:picked_up":{"minecraft:crafting_table":8,"minecraft:enchanted_book":1,"minecraft:amethyst_block":10,"minecraft:string":26,"minecraft:raw_copper":6,"minecraft:gold_nugget":71,"minecraft:cobbled_deepslate":79,"minecraft:beef":12,"minecraft:iron_nugget":90,"minecraft:iron_boots":2,"minecraft:furnace":2,"minecraft:egg":2,"minecraft:stick":41,"minecraft:raw_iron":52,"minecraft:torch":22,"minecraft:porkchop":9,"tombstone:grave_dust":4,"minecraft:carrot":1,"minecraft:arrow":23,"minecraft:rotten_flesh":17,"alexscaves:spelunkery_table":1,"farmersdelight:rope":28,"tombstone:scroll_of_aquatic_life":5,"minecraft:gold_ingot":10,"supplementaries:ash":45,"minecraft:mutton":1,"minecraft:obsidian":4,"minecraft:skeleton_skull":6,"minecraft:white_wool":1,"minecraft:cobblestone":67,"minecraft:andesite":3,"minecraft:leather":8,"minecraft:tuff":21,"minecraft:oak_log":5,"supplementaries:flax_seeds":3,"minecraft:gunpowder":2,"minecraft:dirt":5,"tombstone:gift":1,"quark:forgotten_hat":1,"minecraft:bone":56,"minecraft:apple":1,"minecraft:wheat_seeds":1,"minecraft:raw_gold":8,"minecraft:iron_ingot":4,"minecraft:stone_pickaxe":1,"minecraft:cobweb":8,"minecraft:book":9,"minecraft:oak_slab":2,"minecraft:amethyst_shard":8,"minecraft:spider_eye":1,"tombstone:scroll_of_true_sight":1,"minecraft:bundle":1,"minecraft:diamond":20,"minecraft:stone_axe":1,"tombstone:tablet_of_recall":1,"minecraft:iron_helmet":1,"minecraft:granite":18,"minecraft:emerald":10,"minecraft:bread":1,"tombstone:magic_scroll":2,"minecraft:oak_sapling":4,"minecraft:coal":92,"minecraft:diamond_pickaxe":2}},"DataVersion":3465}