{"stats":{"minecraft:killed":{"minecraft:cave_spider":5,"minecraft:witch":1,"minecraft:spider":10,"quark:forgotten":1,"minecraft:skeleton":14,"minecraft:pig":3,"minecraft:creeper":3,"minecraft:zombie":26,"minecraft:cow":2},"minecraft:picked_up":{"minecraft:crafting_table":8,"minecraft:enchanted_book":1,"minecraft:amethyst_block":10,"minecraft:string":26,"minecraft:raw_copper":6,"minecraft:gold_nugget":71,"minecraft:cobbled_deepslate":79,"minecraft:beef":4,"minecraft:iron_nugget":90,"minecraft:egg":2,"minecraft:furnace":2,"minecraft:iron_boots":2,"minecraft:stick":22,"minecraft:raw_iron":52,"minecraft:torch":22,"minecraft:porkchop":9,"tombstone:grave_dust":4,"minecraft:carrot":1,"minecraft:arrow":21,"minecraft:rotten_flesh":17,"alexscaves:spelunkery_table":1,"farmersdelight:rope":28,"tombstone:scroll_of_aquatic_life":5,"minecraft:gold_ingot":10,"supplementaries:ash":45,"minecraft:skeleton_skull":6,"minecraft:cobblestone":66,"minecraft:andesite":3,"minecraft:leather":4,"minecraft:tuff":21,"minecraft:oak_log":5,"supplementaries:flax_seeds":3,"minecraft:gunpowder":2,"minecraft:dirt":5,"tombstone:gift":1,"quark:forgotten_hat":1,"minecraft:bone":54,"minecraft:apple":1,"minecraft:wheat_seeds":1,"minecraft:raw_gold":8,"minecraft:iron_ingot":4,"minecraft:stone_pickaxe":1,"minecraft:cobweb":8,"minecraft:book":6,"minecraft:oak_slab":2,"minecraft:amethyst_shard":8,"minecraft:spider_eye":1,"minecraft:bundle":1,"tombstone:scroll_of_true_sight":1,"minecraft:stone_axe":1,"minecraft:diamond":20,"tombstone:tablet_of_recall":1,"minecraft:iron_helmet":1,"minecraft:granite":18,"minecraft:bread":1,"minecraft:emerald":10,"tombstone:magic_scroll":2,"minecraft:oak_sapling":4,"minecraft:coal":92,"minecraft:diamond_pickaxe":1},"minecraft:mined":{"alexscaves:spelunkery_table":1,"minecraft:large_amethyst_bud":1,"minecraft:tuff":35,"minecraft:deepslate_diamond_ore":20,"minecraft:granite":15,"minecraft:grass_block":4,"minecraft:infested_cobblestone":1,"minecraft:spawner":1,"minecraft:furnace":2,"minecraft:iron_ore":36,"minecraft:cobbled_deepslate":1,"minecraft:andesite":3,"treechop:chopped_log":1,"minecraft:bookshelf":2,"farmersdelight:rope":4,"minecraft:deepslate_iron_ore":12,"minecraft:small_amethyst_bud":2,"biomesoplenty:webbing":2,"regions_unexplored:medium_grass":1,"minecraft:stone":99,"regions_unexplored:windswept_grass":1,"minecraft:oak_slab":2,"minecraft:medium_amethyst_bud":2,"minecraft:amethyst_cluster":2,"minecraft:crafting_table":8,"minecraft:cobblestone":5,"minecraft:tall_grass":1,"minecraft:deepslate_gold_ore":1,"minecraft:diorite":4,"minecraft:amethyst_block":10,"supplementaries:urn":35,"minecraft:skeleton_skull":1,"minecraft:grass":13,"minecraft:oak_log":1,"minecraft:coal_ore":39,"minecraft:dirt":11,"minecraft:gravel":5,"minecraft:oak_leaves":1,"minecraft:deepslate":75},"minecraft:crafted":{"minecraft:oak_planks":20,"minecraft:furnace":1,"minecraft:iron_boots":1,"minecraft:iron_axe":1,"minecraft:stone_pickaxe":1,"minecraft:diamond_boots":1,"new_shield_variants:iron_shield":1,"minecraft:diamond_sword":1,"minecraft:crafting_table":1,"minecraft:wooden_pickaxe":1,"minecraft:iron_helmet":1,"minecraft:iron_sword":1,"minecraft:bucket":1,"minecraft:stone_axe":1,"minecraft:air":0,"aether:iron_gloves":1,"minecraft:iron_chestplate":1,"minecraft:diamond_pickaxe":1,"minecraft:shield":1,"minecraft:stick":12,"minecraft:iron_ingot":44,"minecraft:iron_pickaxe":1,"minecraft:gold_ingot":7,"minecraft:iron_leggings":1,"minecraft:torch":4,"minecraft:diamond_chestplate":1},"minecraft:broken":{"minecraft:shield":1},"minecraft:custom":{"minecraft:mob_kills":69,"minecraft:interact_with_crafting_table":34,"minecraft:open_barrel":17,"minecraft:time_since_death":35962,"minecraft:sprint_one_cm":219942,"minecraft:walk_one_cm":153401,"minecraft:damage_blocked_by_shield":4455,"minecraft:drop":48,"minecraft:play_time":88789,"minecraft:deaths":3,"minecraft:sneak_time":7663,"minecraft:walk_under_water_one_cm":3026,"minecraft:jump":2947,"minecraft:walk_on_water_one_cm":16580,"minecraft:total_world_time":88789,"minecraft:interact_with_furnace":22,"tombstone:raider_killed":1,"minecraft:interact_with_loom":1,"minecraft:time_since_rest":35834,"minecraft:damage_taken":3462,"minecraft:damage_absorbed":158,"minecraft:damage_dealt":12548,"tombstone:cast_on_ally":0,"minecraft:swim_one_cm":12191,"minecraft:fly_one_cm":505779,"minecraft:open_chest":6,"minecraft:crouch_one_cm":15502,"tombstone:undead_killed":41,"minecraft:fall_one_cm":111147},"minecraft:dropped":{"minecraft:bread":1,"minecraft:wheat_seeds":1,"minecraft:cooked_porkchop":3,"minecraft:iron_helmet":2,"minecraft:amethyst_block":10,"minecraft:stick":19,"minecraft:emerald":5,"minecraft:torch":24,"tombstone:grave_dust":2,"minecraft:gold_nugget":8,"minecraft:string":12,"minecraft:stone_axe":2,"minecraft:iron_nugget":9,"tombstone:scroll_of_aquatic_life":2,"alexsmobs:animal_dictionary":1,"minecraft:cobbled_deepslate":4,"tombstone:gift":1,"tombstone:tablet_of_recall":1,"minecraft:rotten_flesh":15,"minecraft:oak_planks":1,"minecraft:iron_boots":3,"supplementaries:flax_seeds":3,"minecraft:skeleton_skull":3,"minecraft:diamond_pickaxe":1,"minecraft:iron_chestplate":1,"minecraft:andesite":3,"minecraft:oak_sapling":4,"farmersdelight:rope":24,"minecraft:spider_eye":1,"minecraft:arrow":3,"minecraft:stone_pickaxe":2,"minecraft:wooden_pickaxe":1},"minecraft:used":{"minecraft:shield":50,"minecraft:iron_sword":87,"minecraft:torch":2,"minecraft:dirt":5,"tombstone:scroll_of_aquatic_life":1,"minecraft:carrot":2,"artifacts:onion_ring":1,"minecraft:tuff":21,"minecraft:granite":18,"farmersdelight:rope":4,"minecraft:iron_axe":7,"minecraft:iron_boots":1,"minecraft:diamond_chestplate":1,"minecraft:furnace":2,"tombstone:gift":3,"minecraft:egg":2,"minecraft:cobbled_deepslate":65,"minecraft:water_bucket":61,"minecraft:diamond_boots":1,"minecraft:bundle":1,"minecraft:stone_pickaxe":38,"minecraft:wooden_pickaxe":4,"tombstone:scroll_of_true_sight":2,"minecraft:crafting_table":8,"minecraft:diamond_pickaxe":238,"minecraft:apple":1,"minecraft:bread":1,"minecraft:iron_pickaxe":123,"tombstone:magic_scroll":1,"minecraft:stone_axe":7,"minecraft:diamond_sword":111,"minecraft:cobblestone":52,"new_shield_variants:iron_shield":22,"minecraft:cooked_porkchop":26,"minecraft:bucket":61}},"DataVersion":3465}