{"stats":{"minecraft:killed":{"minecraft:cave_spider":1,"minecraft:spider":3,"minecraft:creeper":2,"minecraft:skeleton":7,"minecraft:zombie":16},"minecraft:picked_up":{"minecraft:crafting_table":5,"minecraft:andesite":1,"minecraft:enchanted_book":1,"minecraft:oak_log":5,"supplementaries:flax_seeds":3,"minecraft:gunpowder":2,"minecraft:amethyst_block":10,"minecraft:string":4,"tombstone:gift":1,"minecraft:bone":17,"minecraft:apple":1,"minecraft:wheat_seeds":1,"minecraft:cobbled_deepslate":14,"minecraft:stone_pickaxe":1,"minecraft:iron_ingot":4,"minecraft:cobweb":4,"minecraft:iron_nugget":70,"minecraft:iron_boots":1,"minecraft:furnace":2,"minecraft:egg":1,"minecraft:stick":16,"minecraft:raw_iron":50,"minecraft:torch":22,"minecraft:amethyst_shard":4,"tombstone:grave_dust":4,"minecraft:carrot":1,"minecraft:spider_eye":1,"tombstone:scroll_of_true_sight":1,"minecraft:bundle":1,"minecraft:arrow":6,"minecraft:rotten_flesh":13,"minecraft:diamond":5,"minecraft:stone_axe":1,"tombstone:scroll_of_aquatic_life":1,"minecraft:emerald":4,"supplementaries:ash":23,"minecraft:oak_sapling":3,"minecraft:coal":62,"minecraft:skeleton_skull":1,"minecraft:cobblestone":43},"minecraft:mined":{"minecraft:deepslate_diamond_ore":5,"minecraft:medium_amethyst_bud":1,"minecraft:amethyst_cluster":1,"minecraft:crafting_table":5,"minecraft:tall_grass":1,"minecraft:cobblestone":1,"minecraft:deepslate_gold_ore":1,"minecraft:amethyst_block":10,"minecraft:skeleton_skull":1,"minecraft:spawner":1,"supplementaries:urn":17,"minecraft:furnace":2,"minecraft:iron_ore":34,"minecraft:andesite":1,"treechop:chopped_log":1,"minecraft:small_amethyst_bud":2,"minecraft:grass":11,"minecraft:coal_ore":26,"minecraft:oak_log":1,"minecraft:deepslate_iron_ore":12,"biomesoplenty:webbing":2,"minecraft:stone":41,"minecraft:deepslate":14},"minecraft:crafted":{"minecraft:oak_planks":20,"minecraft:diamond_sword":1,"minecraft:crafting_table":1,"minecraft:wooden_pickaxe":1,"minecraft:iron_helmet":1,"minecraft:iron_sword":1,"minecraft:furnace":1,"minecraft:bucket":1,"minecraft:stone_axe":1,"minecraft:air":0,"aether:iron_gloves":1,"minecraft:iron_chestplate":1,"minecraft:iron_boots":1,"minecraft:diamond_pickaxe":1,"minecraft:shield":1,"minecraft:stick":12,"minecraft:iron_ingot":40,"minecraft:iron_pickaxe":1,"minecraft:stone_pickaxe":1,"minecraft:iron_leggings":1,"minecraft:torch":4},"minecraft:custom":{"minecraft:interact_with_furnace":22,"minecraft:mob_kills":29,"minecraft:interact_with_crafting_table":25,"minecraft:open_barrel":9,"minecraft:time_since_death":19628,"minecraft:time_since_rest":19003,"minecraft:sprint_one_cm":78474,"minecraft:damage_taken":1597,"minecraft:walk_one_cm":67960,"minecraft:damage_blocked_by_shield":1800,"minecraft:drop":19,"minecraft:damage_dealt":5601,"tombstone:cast_on_ally":0,"minecraft:swim_one_cm":708,"minecraft:fly_one_cm":203159,"minecraft:open_chest":4,"minecraft:crouch_one_cm":6684,"minecraft:play_time":40789,"tombstone:undead_killed":23,"minecraft:deaths":2,"minecraft:sneak_time":2845,"minecraft:walk_under_water_one_cm":921,"minecraft:jump":1262,"minecraft:walk_on_water_one_cm":6276,"minecraft:total_world_time":40789,"minecraft:fall_one_cm":54383},"minecraft:dropped":{"minecraft:stone_axe":1,"minecraft:wheat_seeds":1,"minecraft:iron_nugget":5,"alexsmobs:animal_dictionary":1,"tombstone:gift":1,"minecraft:rotten_flesh":13,"minecraft:oak_planks":1,"minecraft:iron_boots":1,"minecraft:amethyst_block":10,"supplementaries:flax_seeds":3,"minecraft:andesite":1,"minecraft:oak_sapling":3,"tombstone:grave_dust":2,"minecraft:spider_eye":1,"minecraft:arrow":3,"minecraft:stone_pickaxe":2,"minecraft:wooden_pickaxe":1},"minecraft:used":{"minecraft:water_bucket":11,"minecraft:stone_pickaxe":38,"minecraft:wooden_pickaxe":4,"minecraft:shield":32,"minecraft:iron_sword":87,"tombstone:scroll_of_true_sight":2,"minecraft:torch":2,"minecraft:crafting_table":4,"tombstone:scroll_of_aquatic_life":1,"minecraft:diamond_pickaxe":5,"minecraft:apple":1,"minecraft:iron_pickaxe":123,"minecraft:iron_boots":1,"minecraft:stone_axe":6,"minecraft:cobblestone":29,"minecraft:furnace":2,"minecraft:cooked_porkchop":5,"minecraft:bucket":12,"tombstone:gift":3,"minecraft:egg":1,"minecraft:cobbled_deepslate":4}},"DataVersion":3465}