{"stats":{"minecraft:picked_up":{"minecraft:wheat_seeds":1},"minecraft:mined":{"minecraft:tall_grass":1,"minecraft:grass":7},"minecraft:custom":{"minecraft:jump":140,"minecraft:time_since_rest":4789,"minecraft:damage_dealt":10,"minecraft:sprint_one_cm":7938,"minecraft:play_time":4789,"minecraft:damage_taken":20,"minecraft:time_since_death":4789,"minecraft:walk_one_cm":1487,"minecraft:sneak_time":32,"minecraft:total_world_time":4789,"minecraft:drop":2,"minecraft:fall_one_cm":5933,"minecraft:fly_one_cm":34025},"minecraft:dropped":{"alexsmobs:animal_dictionary":1,"minecraft:wheat_seeds":1}},"DataVersion":3465}